alpha,lambda_best,CV_AUC,Train_AUC,n_nonzero_coeffs
0.9513,0.0000527,0.802,0.804,20
0.9338,0.0000537,0.802,0.804,20
0.8374,0.0000599,0.802,0.804,20
0.6958,0.0000497,0.802,0.804,20
0.5886,0.0000535,0.802,0.804,21
0.3303,0.0000621,0.802,0.804,22
0.1851,0.0000654,0.802,0.804,23
0.1430,0.0000667,0.802,0.804,23
0.0303,0.0000708,0.802,0.804,24
0.0013,0.0000720,0.802,0.804,24
