alpha,lambda_best,CV_AUC,Train_AUC,n_nonzero_coeffs
1.0,0.0000502,0.802,0.804,19
0.9,0.0000557,0.802,0.804,20
0.8,0.0000474,0.802,0.804,20
0.7,0.0000494,0.802,0.804,20
0.6,0.0000525,0.802,0.804,21
0.5,0.0000556,0.802,0.804,21
0.4,0.0000588,0.802,0.804,22
0.3,0.0000621,0.802,0.804,22
0.2,0.0000654,0.802,0.804,23
0.1,0.0000687,0.802,0.804,23
0.0,0.0000721,0.802,0.804,24
